{"25": 0.5095023128504128, "11": -0.3782686283666028}